{"cameraMode":{"drawMode":0,"name":"Shaded","section":"Shading Mode"},"sceneLighting":false,"audioPlay":false,"sceneViewState":{"showFog":true,"showMaterialUpdate":false,"showSkybox":false,"showFlares":true,"showImageEffects":true,"showParticleSystems":true},"in2DMode":false,"pivot":{"x":0.06319442391395569,"y":1.7200000286102296,"z":1.8180441856384278},"rotation":{"x":0.38978877663612368,"y":0.3382096588611603,"z":-0.15654513239860536,"w":0.8421236276626587},"size":1.146126627922058,"orthographic":true}