{"cameraMode":{"drawMode":0,"name":"Shaded","section":"Shading Mode"},"sceneLighting":false,"audioPlay":false,"sceneViewState":{"showFog":true,"showMaterialUpdate":false,"showSkybox":false,"showFlares":true,"showImageEffects":true,"showParticleSystems":true},"in2DMode":false,"pivot":{"x":1.9687808752059937,"y":-0.9214973449707031,"z":-1.8855115175247193},"rotation":{"x":0.38978877663612368,"y":0.3382096588611603,"z":-0.15654513239860536,"w":0.8421236276626587},"size":32.855751037597659,"orthographic":true}