{"cameraMode":{"drawMode":0,"name":"Shaded","section":"Shading Mode"},"sceneLighting":false,"audioPlay":false,"sceneViewState":{"showFog":true,"showMaterialUpdate":false,"showSkybox":false,"showFlares":true,"showImageEffects":true,"showParticleSystems":true},"in2DMode":false,"pivot":{"x":0.000011444091796875,"y":-0.9214973449707031,"z":-0.0000152587890625},"rotation":{"x":0.39843714237213137,"y":0.43111705780029299,"z":-0.22051887214183808,"w":0.7789495587348938},"size":321.4867248535156,"orthographic":false}