{"cameraMode":{"drawMode":0,"name":"Shaded","section":"Shading Mode"},"sceneLighting":false,"audioPlay":false,"sceneViewState":{"showFog":true,"showMaterialUpdate":false,"showSkybox":true,"showFlares":true,"showImageEffects":true,"showParticleSystems":true},"in2DMode":false,"pivot":{"x":193.96168518066407,"y":-424.87542724609377,"z":160.64956665039063},"rotation":{"x":0.4452419579029083,"y":0.3909539580345154,"z":-0.22504624724388123,"w":0.7734825611114502},"size":548.2816162109375,"orthographic":false}