{"cameraMode":{"drawMode":0,"name":"Shaded","section":"Shading Mode"},"sceneLighting":false,"audioPlay":false,"sceneViewState":{"showFog":true,"showMaterialUpdate":false,"showSkybox":false,"showFlares":true,"showImageEffects":true,"showParticleSystems":true},"in2DMode":false,"pivot":{"x":0.06319442391395569,"y":1.7200000286102296,"z":1.8180441856384278},"rotation":{"x":0.2228144407272339,"y":0.7120277285575867,"z":-0.25854727625846865,"w":0.6136203408241272},"size":1.146126627922058,"orthographic":false}