{"cameraMode":{"drawMode":0,"name":"Shaded","section":"Shading Mode"},"sceneLighting":false,"audioPlay":false,"sceneViewState":{"showFog":true,"showMaterialUpdate":false,"showSkybox":true,"showFlares":true,"showImageEffects":true,"showParticleSystems":true},"in2DMode":false,"pivot":{"x":191.3905487060547,"y":-430.62237548828127,"z":146.74984741210938},"rotation":{"x":0.4491409659385681,"y":0.4023434519767761,"z":-0.2372613102197647,"w":0.7616463899612427},"size":554.9906005859375,"orthographic":false}